CLIENTNUM,Customer_Age,Gender,Dependent_count,Education_Level,Marital_Status,Income_Category,Card_Category,Months_on_book,Total_Relationship_Count,Months_Inactive_12_mon,Contacts_Count_12_mon,Credit_Limit,Total_Revolving_Bal,Avg_Open_To_Buy,Total_Amt_Chng_Q4_Q1,Total_Trans_Amt,Total_Trans_Ct,Total_Ct_Chng_Q4_Q1,Avg_Utilization_Ratio
712411908,44,M,3,High School,Married,$60K - $80K,Blue,34,4,2,5,21158.0,0,21158.0,0.633,4071,67,0.8109999999999999,0.0
718892283,43,M,2,Graduate,Married,$40K - $60K,Blue,34,3,2,1,4396.0,0,4396.0,0.5920000000000001,4771,78,1.053,0.0
718259433,45,F,3,High School,Married,Unknown,Blue,40,1,4,2,8383.0,0,8383.0,1.036,5460,63,0.853,0.0
708748833,37,F,3,Graduate,Single,$40K - $60K,Blue,25,2,2,3,9875.0,1239,8636.0,0.9390000000000001,8920,105,0.6940000000000001,0.125
710839308,34,F,2,High School,Single,Less than $40K,Blue,21,6,1,3,5015.0,1671,3344.0,0.6890000000000001,3161,77,0.878,0.33299999999999996
810974958,51,M,2,High School,Married,$60K - $80K,Blue,46,5,3,2,4123.0,1760,2363.0,0.8690000000000001,2447,40,0.429,0.42700000000000005
816776283,42,M,4,High School,Unknown,$80K - $120K,Gold,37,5,1,2,34516.0,1797,32719.0,1.314,1534,30,0.875,0.052000000000000005
715249533,49,F,3,Graduate,Single,Unknown,Blue,36,3,2,2,3375.0,0,3375.0,0.629,13992,103,0.807,0.0
721091583,44,F,2,Graduate,Single,Less than $40K,Blue,32,3,3,3,3031.0,1879,1152.0,0.7879999999999999,1298,15,1.5,0.62
708323208,49,F,3,Uneducated,Married,Less than $40K,Blue,36,4,2,4,1522.0,0,1522.0,0.48200000000000004,2241,36,0.8,0.0
715950483,39,F,1,Uneducated,Married,$40K - $60K,Blue,27,3,3,3,2821.0,725,2096.0,0.7040000000000001,2397,35,0.29600000000000004,0.257
713011683,37,F,3,College,Married,Unknown,Blue,24,4,2,4,11239.0,0,11239.0,0.32,2055,43,0.162,0.0
820036533,50,M,4,Unknown,Married,$80K - $120K,Blue,45,2,1,3,34516.0,1466,33050.0,0.693,7223,87,0.611,0.042
714862083,41,F,4,Uneducated,Single,Unknown,Blue,33,6,4,3,5802.0,2490,3312.0,0.8490000000000001,3386,53,1.038,0.429
716432658,48,F,3,High School,Married,Less than $40K,Blue,36,5,2,1,1438.3,0,1438.3,0.6459999999999999,4490,65,0.625,0.0
715240683,46,M,4,High School,Married,$80K - $120K,Blue,37,3,2,3,15535.0,1302,14233.0,0.461,3718,66,0.61,0.084
794516508,43,F,3,High School,Married,Less than $40K,Blue,24,2,2,1,1484.0,0,1484.0,0.532,4838,81,0.929,0.0
789197508,54,M,3,High School,Married,$60K - $80K,Blue,43,6,3,4,2240.0,1580,660.0,0.745,1518,36,0.8,0.705
710665533,42,F,5,Doctorate,Married,Unknown,Blue,23,4,2,2,24602.0,1660,22942.0,0.588,1337,44,0.76,0.067
712955433,36,F,4,Uneducated,Unknown,$40K - $60K,Blue,16,1,2,2,4370.0,1222,3148.0,0.648,7223,90,0.552,0.28
770262183,31,M,0,Uneducated,Single,Less than $40K,Blue,25,5,2,2,5715.0,1741,3974.0,0.816,2324,67,1.03,0.305
717091533,29,F,1,Graduate,Single,Unknown,Blue,36,5,2,3,13613.0,1172,12441.0,0.657,4253,84,0.75,0.086
721005108,41,M,0,College,Married,$40K - $60K,Blue,29,3,2,2,6991.0,1384,5607.0,0.66,14994,104,0.733,0.198
778245633,43,F,3,Graduate,Single,Unknown,Blue,33,3,3,1,2341.0,1818,523.0,0.833,4356,70,0.628,0.777
712552608,46,F,3,Graduate,Married,Less than $40K,Blue,34,3,3,1,1438.3,0,1438.3,0.7140000000000001,2658,43,0.654,0.0
803197833,49,F,1,Post-Graduate,Divorced,$40K - $60K,Blue,44,6,5,2,2597.0,1871,726.0,0.899,3637,69,0.725,0.72
773306658,54,M,1,Unknown,Single,$60K - $80K,Blue,48,4,5,4,4752.0,1230,3522.0,0.883,15678,103,0.7170000000000001,0.259
713974533,52,F,3,Post-Graduate,Single,Less than $40K,Blue,45,5,1,3,2555.0,1701,854.0,1.492,3127,45,1.25,0.6659999999999999
715236783,42,F,4,College,Divorced,$40K - $60K,Blue,36,4,3,2,3734.0,2517,1217.0,0.7240000000000001,4792,87,0.74,0.674
715554708,53,M,1,High School,Unknown,$120K +,Blue,34,2,1,2,8507.0,1484,7023.0,0.7090000000000001,14949,114,0.727,0.174
720789933,46,F,4,Graduate,Married,Unknown,Blue,32,2,1,1,5798.0,680,5118.0,0.708,5027,82,0.64,0.11699999999999999
717567333,35,M,3,Graduate,Married,$60K - $80K,Blue,26,6,3,2,3991.0,1982,2009.0,0.748,1661,35,0.9440000000000001,0.49700000000000005
716230158,35,F,3,Graduate,Married,$40K - $60K,Blue,36,4,1,4,7234.0,2000,5234.0,0.754,4272,83,0.596,0.276
712266633,51,F,2,Unknown,Married,$40K - $60K,Blue,36,2,2,1,14800.0,1020,13780.0,0.8959999999999999,8796,94,0.593,0.069
716349183,58,F,1,Uneducated,Married,Unknown,Blue,36,5,2,3,4784.0,0,4784.0,0.905,2160,54,0.929,0.0
708385533,49,F,1,Graduate,Married,Less than $40K,Silver,36,2,3,3,11059.0,0,11059.0,0.99,9524,80,0.905,0.0
709014558,49,M,2,Uneducated,Married,$60K - $80K,Blue,42,3,3,2,3783.0,0,3783.0,0.59,4383,82,0.7829999999999999,0.0
715487733,44,F,4,Graduate,Married,$40K - $60K,Blue,36,6,3,3,1452.0,0,1452.0,0.5529999999999999,2287,42,0.5,0.0
718504983,45,F,2,Graduate,Married,Less than $40K,Blue,37,6,2,2,6091.0,0,6091.0,0.56,3340,60,0.579,0.0
719962458,44,F,2,Graduate,Unknown,Less than $40K,Blue,34,3,2,2,2561.0,1491,1070.0,0.733,4869,70,0.522,0.5820000000000001
766456683,51,F,1,Graduate,Married,Less than $40K,Blue,44,6,2,0,6160.0,2258,3902.0,0.7170000000000001,3986,80,0.6,0.36700000000000005
720660558,50,M,2,Uneducated,Married,$120K +,Blue,36,4,3,4,23911.0,2100,21811.0,0.988,4770,89,0.7120000000000001,0.08800000000000001
714926508,52,M,2,Graduate,Married,$80K - $120K,Silver,45,5,4,2,34516.0,1938,32578.0,0.807,2275,46,0.43799999999999994,0.055999999999999994
715315833,51,M,3,Graduate,Married,$80K - $120K,Blue,36,6,2,3,11106.0,2107,8999.0,0.948,1243,24,1.0,0.19
718216008,48,M,3,Graduate,Married,$60K - $80K,Blue,38,5,2,3,16920.0,2157,14763.0,0.629,3275,60,0.5,0.127
720008133,45,F,4,Graduate,Unknown,Unknown,Blue,36,4,1,3,3416.0,727,2689.0,0.58,4121,83,0.7290000000000001,0.213
708740808,45,M,4,Graduate,Married,$40K - $60K,Blue,36,5,3,4,4112.0,0,4112.0,0.777,2949,54,1.25,0.0
710241858,39,F,4,Unknown,Married,Less than $40K,Blue,31,6,1,4,2890.0,0,2890.0,0.545,2040,36,0.44,0.0
720674133,36,M,1,Uneducated,Married,$40K - $60K,Blue,16,5,3,2,3735.0,2027,1708.0,0.79,1672,48,0.655,0.5429999999999999
708272808,45,M,5,Graduate,Single,Less than $40K,Blue,36,4,2,1,2718.0,1474,1244.0,0.71,3542,59,0.639,0.542
820047858,44,F,4,Graduate,Unknown,Less than $40K,Blue,39,1,4,2,3017.0,1868,1149.0,0.722,2096,50,0.47100000000000003,0.619
714860808,59,F,1,Graduate,Single,Less than $40K,Blue,39,5,3,2,4404.0,2272,2132.0,0.809,15709,93,0.722,0.516
712392108,51,M,3,High School,Married,$60K - $80K,Blue,36,3,2,4,10305.0,691,9614.0,0.485,1451,25,0.667,0.067
715532208,65,F,1,High School,Single,Less than $40K,Blue,55,3,3,2,4010.0,1504,2506.0,0.7659999999999999,3807,61,0.564,0.375
718984533,37,M,3,Graduate,Single,$80K - $120K,Blue,29,6,2,4,7199.0,1274,5925.0,0.639,4552,100,0.7859999999999999,0.177
719574033,38,M,1,High School,Single,$60K - $80K,Blue,28,2,2,2,21906.0,0,21906.0,0.696,15349,119,0.7,0.0
779844408,43,F,1,Post-Graduate,Married,Less than $40K,Blue,27,4,3,3,1438.3,0,1438.3,0.48100000000000004,2137,40,0.33299999999999996,0.0
709690158,52,F,4,Graduate,Married,Less than $40K,Blue,36,6,1,2,4592.0,2517,2075.0,0.5720000000000001,1470,33,0.737,0.5479999999999999
712302783,38,F,2,Uneducated,Single,Less than $40K,Blue,25,2,3,1,2468.0,872,1596.0,0.991,4426,76,1.111,0.353
710915358,63,F,0,College,Single,Unknown,Blue,55,5,1,2,14963.0,1616,13347.0,0.755,3242,58,1.0,0.10800000000000001
827683383,48,F,3,Uneducated,Divorced,Less than $40K,Blue,44,3,2,1,4107.0,2517,1590.0,0.779,16027,112,0.723,0.613
717916758,67,F,0,Unknown,Married,Unknown,Blue,56,4,3,3,10509.0,2388,8121.0,0.777,1365,34,1.429,0.22699999999999998
780688383,35,M,1,Graduate,Unknown,$80K - $120K,Blue,24,4,2,3,21114.0,0,21114.0,0.6970000000000001,3534,56,1.0,0.0
715061733,42,M,3,College,Single,$60K - $80K,Blue,36,4,1,3,11698.0,1060,10638.0,1.2819999999999998,3539,81,0.929,0.091
711119358,38,M,3,Unknown,Married,$60K - $80K,Blue,31,6,1,2,2014.0,896,1118.0,1.055,2460,52,0.857,0.445
710569233,46,M,3,Unknown,Single,$80K - $120K,Blue,35,2,1,1,11814.0,1440,10374.0,0.7979999999999999,9185,100,0.695,0.122
720698883,51,M,1,High School,Single,$80K - $120K,Blue,38,2,3,3,28605.0,0,28605.0,1.054,5524,67,0.718,0.0
721449408,40,F,4,Unknown,Single,Less than $40K,Blue,25,6,2,1,2812.0,2029,783.0,0.634,4763,74,0.762,0.722
709078908,48,F,3,High School,Single,Less than $40K,Blue,32,1,2,3,2648.0,1539,1109.0,0.94,4926,89,0.816,0.581
789394833,47,M,2,Unknown,Divorced,$80K - $120K,Blue,37,1,2,2,21714.0,1969,19745.0,0.9440000000000001,13270,104,0.625,0.091
712404483,49,M,2,High School,Married,$80K - $120K,Blue,36,4,3,1,3989.0,2514,1475.0,0.469,5189,82,0.519,0.63
780118158,27,M,0,Graduate,Single,Less than $40K,Blue,13,2,2,4,3585.0,2420,1165.0,0.812,15656,124,0.746,0.675
754851783,39,M,4,High School,Married,$60K - $80K,Blue,32,4,2,2,19198.0,2218,16980.0,0.802,4423,90,0.667,0.11599999999999999
717804783,40,F,3,Graduate,Single,Less than $40K,Blue,27,5,3,4,6587.0,824,5763.0,1.262,4160,70,0.8420000000000001,0.125
715354983,44,M,3,Graduate,Married,$40K - $60K,Blue,35,6,3,1,6327.0,0,6327.0,0.6659999999999999,3653,77,0.674,0.0
793630083,39,M,2,High School,Single,$120K +,Blue,33,1,3,4,1726.0,1476,250.0,0.371,1804,34,0.259,0.855
778710783,45,M,3,High School,Divorced,$80K - $120K,Blue,26,3,2,2,18410.0,974,17436.0,0.857,3778,83,0.6940000000000001,0.053
718943508,42,M,3,Unknown,Single,$80K - $120K,Blue,33,3,3,2,3714.0,2170,1544.0,0.524,1454,35,0.522,0.584
709455108,49,F,4,Unknown,Married,Less than $40K,Blue,33,3,2,1,2393.0,1667,726.0,0.9740000000000001,3768,79,0.6809999999999999,0.6970000000000001
806165208,47,M,1,Doctorate,Divorced,$60K - $80K,Blue,42,5,2,0,20979.0,1800,19179.0,0.9059999999999999,1178,27,0.929,0.086
788122533,56,F,1,Graduate,Married,Less than $40K,Blue,48,6,2,2,1438.3,0,1438.3,0.706,1336,32,0.882,0.0
779348358,52,F,1,Uneducated,Single,Less than $40K,Blue,37,5,3,4,1717.0,0,1717.0,1.028,3004,46,0.586,0.0
801709308,44,F,4,Uneducated,Married,Unknown,Blue,38,6,1,2,5366.0,968,4398.0,0.992,4558,56,0.75,0.18
720328008,57,F,1,High School,Unknown,$40K - $60K,Blue,42,3,1,1,2542.0,1884,658.0,0.715,4518,88,1.095,0.741
815860008,40,F,3,Uneducated,Married,Less than $40K,Blue,35,5,2,4,3140.0,2183,957.0,0.58,5109,78,0.733,0.695
788950158,36,M,2,College,Unknown,$80K - $120K,Blue,22,2,2,3,34516.0,1652,32864.0,0.8540000000000001,1283,39,1.294,0.048
709022883,44,F,4,College,Married,Less than $40K,Blue,36,6,3,2,1438.3,0,1438.3,0.6509999999999999,4257,89,0.648,0.0
709361058,35,M,2,Graduate,Married,$60K - $80K,Blue,24,5,1,3,7453.0,0,7453.0,0.7120000000000001,1691,47,0.516,0.0
716454858,35,F,2,Graduate,Married,Less than $40K,Blue,28,6,1,3,4014.0,2266,1748.0,0.718,14257,94,0.958,0.565
713773458,52,M,2,High School,Single,$60K - $80K,Blue,45,5,3,2,7567.0,1173,6394.0,0.541,1435,32,0.6,0.155
718618458,38,M,3,High School,Single,$60K - $80K,Blue,25,5,1,4,9859.0,1305,8554.0,0.722,4345,72,0.674,0.132
716606733,33,F,1,Graduate,Single,$40K - $60K,Blue,18,2,2,3,3043.0,2054,989.0,0.735,4833,85,0.667,0.675
717748608,35,F,4,High School,Married,Less than $40K,Blue,24,3,2,4,1555.0,872,683.0,0.772,2252,51,0.645,0.561
780070833,58,F,2,Unknown,Married,Less than $40K,Blue,43,6,2,2,3034.0,2517,517.0,0.63,1617,29,1.4169999999999998,0.83
712865583,57,F,5,Graduate,Married,$40K - $60K,Blue,49,4,2,2,3301.0,2517,784.0,0.8420000000000001,3939,69,1.226,0.762
720755658,42,F,2,Doctorate,Married,Less than $40K,Blue,32,6,6,0,1592.0,0,1592.0,0.745,4172,70,0.75,0.0
710845308,46,M,4,High School,Married,$80K - $120K,Blue,36,2,2,1,32949.0,1190,31759.0,0.664,14892,113,0.638,0.036000000000000004
709641933,42,F,3,Graduate,Married,$40K - $60K,Blue,36,3,1,2,3433.0,1869,1564.0,0.838,4504,84,0.787,0.544
720323208,43,M,2,Graduate,Married,$120K +,Silver,31,6,2,4,34516.0,2398,32118.0,0.917,4976,88,0.6920000000000001,0.069
713886333,47,M,2,High School,Married,$60K - $80K,Blue,39,2,3,1,18660.0,728,17932.0,0.40299999999999997,1682,43,0.303,0.039
709554483,53,F,1,Graduate,Married,Less than $40K,Blue,36,5,1,3,4840.0,2517,2323.0,0.445,1637,22,1.0,0.52
771455508,60,F,0,College,Single,Less than $40K,Blue,48,5,1,3,1438.3,0,1438.3,0.653,4104,83,0.7290000000000001,0.0
716382708,46,F,2,Graduate,Single,Less than $40K,Blue,36,3,4,3,8309.0,858,7451.0,0.888,1165,35,0.4,0.10300000000000001
714864333,43,M,2,College,Divorced,$120K +,Blue,37,4,1,2,34516.0,0,34516.0,0.536,1370,38,0.35700000000000004,0.0
711453783,41,F,3,Unknown,Single,Less than $40K,Blue,29,4,2,3,1966.0,1452,514.0,0.621,4666,74,0.682,0.7390000000000001
709157133,39,M,1,Unknown,Divorced,$80K - $120K,Blue,34,6,1,3,3766.0,1049,2717.0,0.6659999999999999,1514,51,0.645,0.27899999999999997
711819708,33,F,3,Post-Graduate,Unknown,Unknown,Blue,25,3,2,4,4734.0,2517,2217.0,0.483,2275,55,0.897,0.532
712278108,46,F,2,Unknown,Married,$40K - $60K,Blue,38,6,3,1,1963.0,1112,851.0,0.7609999999999999,4821,67,0.763,0.5660000000000001
710516283,50,M,1,High School,Single,$120K +,Blue,37,4,1,4,9758.0,1792,7966.0,0.626,4134,60,0.765,0.184
809846283,42,F,1,Unknown,Married,Less than $40K,Blue,37,3,3,0,1438.3,0,1438.3,0.72,4154,78,0.8140000000000001,0.0
715717608,41,F,4,Uneducated,Unknown,Less than $40K,Blue,32,4,3,1,3189.0,0,3189.0,0.91,4813,86,0.755,0.0
713901108,37,M,2,High School,Single,$60K - $80K,Blue,29,6,1,4,14575.0,0,14575.0,1.251,3444,80,0.7020000000000001,0.0
771862308,50,M,1,College,Single,$80K - $120K,Blue,39,4,3,2,5856.0,2007,3849.0,0.727,4916,87,0.642,0.34299999999999997
793616883,39,F,5,Graduate,Single,Less than $40K,Blue,33,5,2,2,1438.3,668,770.3,0.9309999999999999,5205,78,0.773,0.46399999999999997
709854483,35,F,1,High School,Married,Unknown,Blue,17,5,3,3,4588.0,2517,2071.0,1.525,2442,62,0.632,0.5489999999999999
787568433,42,M,3,Graduate,Single,$60K - $80K,Blue,33,3,1,3,7328.0,936,6392.0,0.6890000000000001,4518,79,0.795,0.128
715276683,52,M,2,High School,Married,$60K - $80K,Blue,45,5,1,4,24287.0,1676,22611.0,0.506,5495,69,0.816,0.069
798996183,61,F,0,Unknown,Married,Less than $40K,Blue,55,4,2,3,2194.0,1512,682.0,0.725,4069,80,0.778,0.6890000000000001
721107258,45,F,5,Unknown,Unknown,Less than $40K,Blue,37,2,2,2,5465.0,1967,3498.0,0.644,14192,115,0.667,0.36
716953083,53,F,2,Graduate,Married,Unknown,Blue,41,3,2,2,2046.0,1260,786.0,0.768,4228,81,0.884,0.616
718325883,39,M,2,Uneducated,Single,$40K - $60K,Blue,32,6,3,2,7723.0,1902,5821.0,1.181,1241,22,1.0,0.24600000000000002
720092283,40,F,3,Graduate,Single,Less than $40K,Blue,31,4,2,3,2016.0,978,1038.0,0.736,4379,78,0.95,0.485
801502008,37,M,1,Graduate,Married,$60K - $80K,Blue,31,5,1,2,20144.0,1195,18949.0,0.67,14287,106,0.828,0.059000000000000004
780390108,44,F,3,College,Married,$40K - $60K,Blue,34,3,1,2,3256.0,1013,2243.0,0.988,5079,81,0.841,0.311
712948383,48,M,4,Graduate,Married,$60K - $80K,Gold,36,1,6,1,34516.0,0,34516.0,0.72,7396,100,0.562,0.0
719973033,49,F,1,Unknown,Married,Less than $40K,Blue,37,5,5,2,3208.0,0,3208.0,0.9229999999999999,4531,86,0.83,0.0
820288233,26,F,0,Uneducated,Single,Less than $40K,Blue,20,4,3,4,1438.3,0,1438.3,0.764,2731,39,0.5,0.0
713691633,29,M,0,Post-Graduate,Married,Less than $40K,Blue,36,1,1,1,3076.0,0,3076.0,0.924,15514,123,0.892,0.0
714804483,48,M,3,College,Divorced,$40K - $60K,Blue,36,3,3,3,12159.0,1665,10494.0,0.608,1426,34,0.545,0.13699999999999998
718496283,42,F,1,College,Single,Unknown,Silver,31,6,2,3,30770.0,2228,28542.0,0.7120000000000001,15998,121,0.7040000000000001,0.07200000000000001
711499158,47,M,2,Uneducated,Married,$80K - $120K,Silver,38,4,3,4,34516.0,733,33783.0,1.229,3018,60,0.5379999999999999,0.021
715688958,45,F,2,Post-Graduate,Single,Less than $40K,Blue,36,3,1,3,2736.0,2043,693.0,0.8009999999999999,4550,84,0.75,0.747
712947333,54,F,4,Unknown,Married,Less than $40K,Blue,43,3,3,0,5139.0,0,5139.0,0.33,1653,44,0.6920000000000001,0.0
708496833,60,M,1,High School,Single,Less than $40K,Blue,50,4,4,5,4613.0,0,4613.0,0.978,8970,78,1.294,0.0
770778108,49,M,4,Post-Graduate,Married,$60K - $80K,Blue,35,4,2,3,2527.0,1419,1108.0,0.797,3585,68,0.943,0.562
767266758,41,F,2,High School,Single,Less than $40K,Blue,34,1,3,4,1661.0,0,1661.0,0.7859999999999999,2473,49,0.75,0.0
709546608,37,F,2,Uneducated,Married,Less than $40K,Blue,36,6,5,4,1438.3,647,791.3,0.889,4803,64,0.684,0.45
798280683,37,M,3,Post-Graduate,Single,$80K - $120K,Blue,31,6,3,3,2626.0,1736,890.0,0.7859999999999999,4714,93,0.7879999999999999,0.6609999999999999
822138333,61,F,0,Graduate,Single,$40K - $60K,Blue,56,4,3,5,7118.0,813,6305.0,0.475,3964,66,0.65,0.114
713265858,44,M,3,Graduate,Married,$120K +,Blue,32,4,2,2,34516.0,1344,33172.0,0.523,4795,92,0.6729999999999999,0.039
713321508,47,F,3,Unknown,Single,Less than $40K,Blue,36,3,1,4,1965.0,1175,790.0,0.657,4579,87,0.74,0.598
796931508,42,M,4,High School,Unknown,$60K - $80K,Blue,36,4,3,4,1871.0,0,1871.0,0.73,2593,48,0.5479999999999999,0.0
790099758,40,M,3,High School,Married,$40K - $60K,Blue,33,4,3,3,6884.0,1001,5883.0,0.7859999999999999,975,11,0.833,0.145
720034983,26,M,0,Unknown,Unknown,Less than $40K,Silver,13,2,1,1,10254.0,0,10254.0,0.51,4258,68,0.838,0.0
716894658,49,F,1,Graduate,Divorced,Less than $40K,Blue,44,5,2,2,8687.0,1763,6924.0,0.7959999999999999,16824,123,0.708,0.203
823840458,47,F,1,High School,Married,Unknown,Blue,43,4,2,2,1828.0,1517,311.0,0.6609999999999999,4542,82,0.5770000000000001,0.83
823908858,51,M,4,Unknown,Married,$80K - $120K,Blue,47,4,3,2,3861.0,622,3239.0,0.794,4816,81,0.976,0.161
719471433,31,F,0,Graduate,Married,Less than $40K,Blue,22,3,3,2,2917.0,2127,790.0,1.074,1831,36,1.0,0.7290000000000001
779694183,51,M,3,College,Married,$80K - $120K,Blue,34,5,2,4,1864.0,1427,437.0,0.725,3833,73,0.5870000000000001,0.7659999999999999
719051733,63,M,0,College,Single,$60K - $80K,Blue,51,4,2,1,2706.0,889,1817.0,0.73,5047,64,0.882,0.32899999999999996
708286683,57,M,2,Uneducated,Single,$80K - $120K,Blue,43,6,3,1,12045.0,1749,10296.0,0.736,4884,86,0.87,0.145
719739108,62,F,0,Graduate,Divorced,$40K - $60K,Blue,50,3,2,4,11352.0,2517,8835.0,0.7509999999999999,4021,56,0.8059999999999999,0.222
721306908,61,F,1,Graduate,Single,Unknown,Blue,44,4,3,2,2303.0,540,1763.0,0.57,3440,46,0.7040000000000001,0.23399999999999999
710749458,64,F,0,Doctorate,Married,Less than $40K,Blue,53,4,1,3,5462.0,1864,3598.0,0.67,1523,35,0.667,0.341
714906033,47,F,2,Graduate,Single,Less than $40K,Blue,36,6,2,2,5145.0,0,5145.0,0.693,1588,35,0.9440000000000001,0.0
714961383,48,F,3,Uneducated,Single,Less than $40K,Blue,36,3,3,3,1438.3,965,473.3,0.544,4182,81,0.723,0.6709999999999999
713301633,57,F,3,Doctorate,Single,Unknown,Blue,36,5,1,1,1678.0,1162,516.0,0.722,4402,87,0.851,0.6920000000000001
715493733,53,M,2,Graduate,Married,$40K - $60K,Blue,36,2,3,4,5735.0,0,5735.0,1.0090000000000001,9088,64,0.684,0.0
771599283,53,M,2,Graduate,Married,$80K - $120K,Blue,41,3,2,5,2492.0,1668,824.0,0.6509999999999999,1606,32,0.882,0.669
709804533,40,M,4,Uneducated,Single,$120K +,Blue,34,3,1,3,17818.0,1451,16367.0,0.632,3973,74,0.451,0.081
721143258,46,M,1,High School,Single,$40K - $60K,Blue,33,6,4,3,1664.0,798,866.0,0.703,4804,66,0.535,0.48
712713108,61,F,0,Graduate,Married,Unknown,Blue,36,6,2,3,2035.0,1883,152.0,0.955,4802,85,0.604,0.925
750147483,49,M,2,High School,Single,$80K - $120K,Blue,37,6,1,4,24299.0,2517,21782.0,0.723,5320,62,0.7709999999999999,0.10400000000000001
719538183,47,M,1,High School,Married,$60K - $80K,Blue,36,4,4,3,20789.0,0,20789.0,0.82,4105,67,0.718,0.0
808281483,46,F,2,Unknown,Single,Less than $40K,Blue,41,2,3,3,2665.0,2157,508.0,0.637,4249,76,1.235,0.809
805453908,33,M,1,High School,Divorced,$40K - $60K,Blue,28,6,1,3,2507.0,1592,915.0,0.691,4355,79,0.8370000000000001,0.635
710515308,42,F,1,Graduate,Single,Less than $40K,Blue,36,4,3,1,3595.0,1904,1691.0,0.8909999999999999,5025,84,0.647,0.53
817607358,44,F,2,High School,Unknown,Unknown,Gold,35,3,3,3,34516.0,0,34516.0,0.767,2227,44,0.63,0.0
708178608,31,F,0,Graduate,Married,Unknown,Blue,36,4,2,2,2488.0,0,2488.0,1.05,4226,73,0.521,0.0
779072733,36,F,2,College,Married,Less than $40K,Blue,17,5,2,2,1971.0,0,1971.0,0.613,4979,77,0.5710000000000001,0.0
789127533,49,M,4,High School,Divorced,$80K - $120K,Blue,37,5,2,2,32338.0,1664,30674.0,0.919,3013,83,0.7659999999999999,0.051
719123958,40,M,4,Unknown,Divorced,$60K - $80K,Blue,27,2,2,3,5051.0,0,5051.0,0.588,2137,45,0.552,0.0
781675983,59,F,0,Graduate,Married,Less than $40K,Blue,53,4,5,1,3054.0,2517,537.0,1.061,4706,84,0.647,0.8240000000000001
787519683,41,F,2,Graduate,Single,Less than $40K,Blue,30,3,2,2,3028.0,2270,758.0,0.804,4727,78,0.66,0.75
793473033,51,M,1,Graduate,Single,$60K - $80K,Blue,45,3,2,3,3228.0,2517,711.0,0.9490000000000001,1349,33,1.357,0.78
716408058,56,F,2,Uneducated,Single,Unknown,Blue,36,5,3,4,2500.0,1298,1202.0,0.626,3673,72,0.565,0.519
717400533,54,F,0,High School,Married,Less than $40K,Blue,45,5,2,2,2704.0,789,1915.0,1.0390000000000001,4839,92,0.769,0.292
801037833,38,M,2,Uneducated,Single,$80K - $120K,Blue,32,6,2,3,3192.0,2517,675.0,0.6579999999999999,4236,87,0.8909999999999999,0.789
716686158,59,F,0,Post-Graduate,Married,Less than $40K,Blue,49,5,2,3,1479.0,601,878.0,0.607,1621,32,0.6,0.406
784725333,41,M,3,High School,Married,$40K - $60K,Blue,33,4,2,1,4470.0,680,3790.0,1.608,931,18,1.571,0.152
713167383,57,F,3,High School,Single,Less than $40K,Blue,46,1,2,2,2298.0,1540,758.0,0.708,5154,81,0.976,0.67
789052308,40,M,3,Graduate,Unknown,$40K - $60K,Blue,28,6,2,2,4323.0,0,4323.0,0.8170000000000001,2451,38,0.727,0.0
793428408,50,F,3,Uneducated,Married,Less than $40K,Blue,44,2,2,1,1596.0,1185,411.0,0.687,5235,76,1.0,0.742
720128658,49,M,1,Uneducated,Single,$120K +,Blue,30,5,3,3,5181.0,0,5181.0,0.83,8943,68,1.0,0.0
712255458,37,M,3,High School,Single,$60K - $80K,Blue,36,3,1,5,8418.0,2051,6367.0,0.847,2879,63,0.703,0.244
779858058,34,F,2,Graduate,Unknown,Less than $40K,Blue,18,4,1,3,2730.0,0,2730.0,0.648,4530,72,0.7140000000000001,0.0
714532158,55,M,1,Doctorate,Single,$60K - $80K,Blue,36,3,3,3,15221.0,1166,14055.0,0.8390000000000001,3848,68,0.619,0.077
718528833,51,M,1,High School,Married,$120K +,Blue,43,2,3,2,30172.0,1825,28347.0,0.8,8879,101,0.578,0.06
716698608,51,M,2,Unknown,Single,$80K - $120K,Blue,39,2,1,1,8924.0,0,8924.0,0.46,4441,87,0.6729999999999999,0.0
711864783,61,M,1,Uneducated,Single,$60K - $80K,Blue,46,5,3,2,2201.0,1138,1063.0,0.675,1199,32,0.6,0.517
720015183,60,M,1,Graduate,Married,$120K +,Blue,46,6,3,1,5130.0,2048,3082.0,0.7759999999999999,4601,88,0.76,0.39899999999999997
809320908,42,M,3,High School,Single,$60K - $80K,Blue,37,3,3,3,5951.0,0,5951.0,0.742,4160,84,0.867,0.0
808981608,50,F,2,Uneducated,Married,Less than $40K,Blue,45,4,1,0,5452.0,540,4912.0,0.539,4220,66,0.737,0.099
712144158,53,F,1,Graduate,Single,Less than $40K,Blue,48,6,6,3,2370.0,1166,1204.0,0.562,2164,45,0.607,0.49200000000000005
820346133,59,F,2,Uneducated,Single,Less than $40K,Blue,54,5,1,2,9344.0,1334,8010.0,0.375,4154,60,0.818,0.14300000000000002
717908208,43,F,3,Graduate,Divorced,Less than $40K,Blue,36,6,1,2,2525.0,1595,930.0,0.78,4859,82,0.8640000000000001,0.632
711791583,52,F,1,Graduate,Single,Less than $40K,Blue,40,1,2,2,2317.0,0,2317.0,1.005,884,19,0.727,0.0
715474083,51,M,3,Graduate,Single,$60K - $80K,Silver,36,3,2,2,29663.0,1743,27920.0,0.667,14638,93,0.722,0.059000000000000004
794485158,38,M,2,Unknown,Married,$80K - $120K,Blue,18,6,1,2,2172.0,1475,697.0,1.158,2447,46,1.3,0.679
716990883,38,M,5,Unknown,Married,$80K - $120K,Blue,26,5,1,2,16033.0,766,15267.0,0.682,15260,115,0.855,0.048
712495233,31,F,0,Uneducated,Married,Less than $40K,Blue,19,5,3,2,2370.0,1699,671.0,0.889,2411,53,0.6559999999999999,0.7170000000000001
715980258,36,F,1,Doctorate,Single,Less than $40K,Blue,25,1,2,3,2835.0,2511,324.0,0.731,4811,77,0.925,0.8859999999999999
710669733,38,F,1,Graduate,Single,$40K - $60K,Blue,36,4,2,2,2358.0,1965,393.0,0.614,4922,80,0.6,0.833
811005858,33,F,0,Unknown,Married,Less than $40K,Blue,28,4,2,4,1438.3,0,1438.3,0.9159999999999999,2914,70,0.591,0.0
797753283,34,F,1,High School,Married,Less than $40K,Blue,28,4,3,4,2707.0,2036,671.0,0.8270000000000001,1926,33,0.941,0.752
804437658,42,F,3,Doctorate,Married,Less than $40K,Blue,36,4,2,1,9778.0,2154,7624.0,0.5,3413,66,0.6920000000000001,0.22
778895883,50,F,1,Unknown,Married,Unknown,Blue,31,5,3,1,3668.0,0,3668.0,0.62,4430,76,0.617,0.0
708937608,37,F,4,High School,Single,Less than $40K,Blue,18,4,1,2,2001.0,1366,635.0,0.86,4590,66,0.5710000000000001,0.6829999999999999
712887633,39,M,1,Unknown,Single,$80K - $120K,Blue,36,5,3,3,25008.0,876,24132.0,0.8590000000000001,1753,43,1.048,0.035
799011558,43,M,3,Uneducated,Married,$120K +,Blue,37,1,2,3,16909.0,1171,15738.0,0.767,15740,120,0.7390000000000001,0.069
708266883,34,F,2,Graduate,Single,Less than $40K,Blue,36,1,2,3,1666.0,0,1666.0,0.713,2312,35,0.25,0.0
709624533,55,F,2,High School,Married,Less than $40K,Blue,45,5,2,0,3187.0,2517,670.0,1.1440000000000001,1627,38,0.652,0.79
789289383,42,M,3,Graduate,Single,$80K - $120K,Silver,31,2,2,3,34516.0,2120,32396.0,0.9,14626,97,0.644,0.061
712658283,36,F,3,Graduate,Single,$40K - $60K,Blue,28,3,2,3,3701.0,969,2732.0,1.079,3222,86,0.623,0.262
802817358,38,F,3,High School,Married,Unknown,Blue,32,4,2,1,11594.0,2072,9522.0,0.983,2320,51,0.594,0.179
717368208,49,M,1,Graduate,Single,$120K +,Blue,36,6,2,4,26723.0,0,26723.0,0.716,2138,43,0.593,0.0
710538183,53,F,3,Graduate,Divorced,Less than $40K,Blue,42,3,2,4,1529.0,563,966.0,0.785,4220,83,0.8440000000000001,0.368
710506683,47,F,4,High School,Single,$40K - $60K,Blue,39,3,1,0,1746.0,0,1746.0,0.763,4543,75,0.9740000000000001,0.0
715708308,54,F,3,Doctorate,Married,$40K - $60K,Blue,39,3,1,3,2112.0,1594,518.0,1.204,1338,29,2.222,0.755
712503408,57,M,2,Graduate,Married,$80K - $120K,Blue,40,6,3,4,17925.0,1909,16016.0,0.7120000000000001,17498,111,0.82,0.106
715130808,45,M,3,Graduate,Single,$60K - $80K,Silver,34,5,1,1,34516.0,1664,32852.0,0.73,4912,80,0.7390000000000001,0.048
714388158,36,F,2,Uneducated,Divorced,Unknown,Blue,36,3,2,1,14304.0,699,13605.0,0.5489999999999999,4746,73,0.521,0.049
757024233,34,M,2,Graduate,Single,$120K +,Blue,27,3,1,4,31313.0,2152,29161.0,0.679,2555,62,0.6759999999999999,0.069
778712658,52,F,0,Uneducated,Married,Less than $40K,Blue,34,4,4,3,2001.0,960,1041.0,0.6779999999999999,4026,86,0.83,0.48
711039633,52,F,4,Post-Graduate,Married,Less than $40K,Blue,36,5,3,3,1594.0,0,1594.0,0.47200000000000003,4653,65,0.667,0.0
708488208,57,F,3,Uneducated,Married,Less than $40K,Blue,47,5,3,3,2515.0,1922,593.0,1.181,2231,58,0.611,0.764
711311883,48,F,2,Graduate,Married,Less than $40K,Silver,35,5,2,2,13994.0,0,13994.0,0.57,3299,63,0.853,0.0
710881008,42,M,3,High School,Single,$80K - $120K,Blue,29,3,1,1,6380.0,1238,5142.0,0.903,4119,66,0.61,0.19399999999999998
718919433,52,F,4,Graduate,Single,Less than $40K,Blue,36,2,3,3,4440.0,1149,3291.0,0.8420000000000001,14973,112,0.723,0.259
793597833,49,F,0,Post-Graduate,Single,Less than $40K,Blue,43,1,3,1,2481.0,1568,913.0,0.537,4466,69,0.5329999999999999,0.632
717504258,38,M,2,College,Married,$40K - $60K,Blue,25,4,1,4,3735.0,1199,2536.0,0.8859999999999999,1573,35,0.75,0.321
717569283,47,M,5,Doctorate,Single,Less than $40K,Blue,36,3,1,2,8896.0,1338,7558.0,0.741,4252,70,0.591,0.15
713310558,47,F,2,Graduate,Married,$40K - $60K,Blue,28,5,2,2,2035.0,1620,415.0,0.838,4130,74,0.721,0.7959999999999999
809855808,51,F,2,Graduate,Married,Less than $40K,Blue,46,5,2,2,5207.0,1650,3557.0,0.708,1339,20,0.5379999999999999,0.317
780360558,33,F,1,Graduate,Married,Less than $40K,Blue,20,2,2,2,1507.0,0,1507.0,0.723,4698,87,0.851,0.0
709663608,43,F,1,Graduate,Married,Less than $40K,Blue,36,4,2,4,1536.0,0,1536.0,0.5710000000000001,1973,36,0.33299999999999996,0.0
714006333,42,F,4,Graduate,Married,Less than $40K,Blue,36,5,2,3,2128.0,528,1600.0,0.525,2289,41,0.414,0.248
717121758,58,F,0,Graduate,Single,Less than $40K,Blue,36,5,3,1,3008.0,2517,491.0,0.674,4627,68,0.659,0.8370000000000001
789186858,52,M,2,Graduate,Married,$80K - $120K,Blue,41,2,5,1,33256.0,928,32328.0,0.6940000000000001,7796,97,0.59,0.027999999999999997
762775908,46,F,2,High School,Married,Unknown,Blue,39,3,1,2,12295.0,1292,11003.0,0.537,4177,63,0.75,0.105
823948308,48,M,4,Post-Graduate,Unknown,$40K - $60K,Blue,44,6,2,4,6710.0,1942,4768.0,0.777,1727,37,0.85,0.289
719821908,38,F,2,High School,Single,Less than $40K,Blue,16,2,1,2,2703.0,0,2703.0,0.882,2752,43,0.433,0.0
719898108,57,F,2,Doctorate,Married,$40K - $60K,Blue,41,2,3,3,3667.0,809,2858.0,0.778,5322,79,0.975,0.221
792524358,55,M,3,High School,Single,$80K - $120K,Gold,49,2,1,3,34516.0,810,33706.0,0.787,7917,95,0.667,0.023
719180958,48,F,2,Uneducated,Divorced,$40K - $60K,Silver,39,2,2,2,21754.0,0,21754.0,0.83,9105,104,0.763,0.0
713526258,47,M,3,Uneducated,Single,$120K +,Blue,36,3,3,4,34516.0,0,34516.0,0.517,2020,33,0.375,0.0
720186258,45,F,4,High School,Divorced,$40K - $60K,Blue,31,5,2,4,4701.0,1170,3531.0,0.547,4136,77,0.604,0.249
788142483,46,M,3,College,Single,$80K - $120K,Silver,38,3,3,1,34516.0,1278,33238.0,0.51,4699,73,0.622,0.037000000000000005
718065333,39,F,4,Graduate,Married,$40K - $60K,Blue,29,4,4,3,2385.0,1971,414.0,0.613,3711,81,0.653,0.826
758382183,50,F,3,Graduate,Unknown,Less than $40K,Blue,43,2,3,3,4249.0,789,3460.0,0.925,8186,93,0.722,0.18600000000000003
767574108,49,F,1,College,Married,Less than $40K,Blue,43,4,3,2,1438.3,786,652.3,0.609,4094,64,0.561,0.546
708332808,47,M,2,Uneducated,Married,$40K - $60K,Blue,39,2,2,2,3471.0,0,3471.0,0.871,14381,115,0.742,0.0
716899233,40,F,4,Graduate,Single,Less than $40K,Gold,20,6,4,3,15987.0,1965,14022.0,0.722,4542,70,0.591,0.12300000000000001
719512983,47,F,4,Graduate,Single,Less than $40K,Blue,39,3,3,6,1438.3,0,1438.3,0.8540000000000001,2295,51,0.545,0.0
779686683,26,F,0,Post-Graduate,Single,Less than $40K,Blue,13,5,3,2,2902.0,1668,1234.0,0.621,2088,34,0.478,0.575
804577833,44,F,2,Graduate,Married,Less than $40K,Blue,39,5,1,0,6861.0,2101,4760.0,0.46399999999999997,3974,63,0.909,0.306
712783083,48,F,4,High School,Married,Less than $40K,Blue,37,1,2,3,3607.0,0,3607.0,0.504,2013,35,0.45799999999999996,0.0
811095483,48,F,4,Graduate,Married,$40K - $60K,Silver,43,3,1,0,21163.0,2517,18646.0,0.569,1732,35,0.45799999999999996,0.11900000000000001
708357183,47,F,3,Unknown,Single,Less than $40K,Blue,38,4,2,3,1438.3,0,1438.3,1.001,3511,64,0.882,0.0
806694333,44,F,4,Unknown,Married,Less than $40K,Blue,39,1,1,1,2771.0,1779,992.0,0.841,8268,73,0.698,0.642
718949433,42,F,3,College,Single,Unknown,Silver,31,3,2,2,34516.0,919,33597.0,0.919,3415,79,0.7559999999999999,0.027000000000000003
712123008,43,M,2,High School,Married,$60K - $80K,Blue,31,2,3,1,13381.0,1845,11536.0,0.883,14532,116,0.871,0.138
714606558,60,F,1,Uneducated,Married,Less than $40K,Blue,36,5,1,0,1913.0,1272,641.0,1.008,1448,22,1.0,0.665
715993608,51,M,2,College,Single,$120K +,Blue,41,6,3,2,26714.0,2517,24197.0,0.758,1686,50,0.7240000000000001,0.094
709921158,51,M,1,High School,Single,$60K - $80K,Blue,36,6,4,4,2281.0,1751,530.0,0.7609999999999999,4241,76,0.8540000000000001,0.768
718281408,36,F,2,Unknown,Married,$40K - $60K,Blue,25,3,1,2,4789.0,1257,3532.0,1.1340000000000001,1534,29,0.9329999999999999,0.262
714164808,42,F,4,Graduate,Married,$40K - $60K,Blue,33,4,3,2,2918.0,0,2918.0,0.5589999999999999,2056,54,0.45899999999999996,0.0
716564433,53,F,1,Graduate,Single,Less than $40K,Blue,36,3,2,4,4287.0,0,4287.0,0.294,1635,41,0.242,0.0
717299958,49,M,3,Graduate,Single,$80K - $120K,Blue,45,3,2,0,2453.0,1534,919.0,0.785,4185,66,0.784,0.625
718193958,60,M,0,Uneducated,Single,Less than $40K,Blue,53,5,3,2,2402.0,1728,674.0,0.652,1650,53,0.606,0.7190000000000001
711628458,45,F,3,Graduate,Married,Less than $40K,Blue,31,4,1,0,8829.0,901,7928.0,0.825,1902,45,0.667,0.102
716620458,32,M,1,High School,Single,Less than $40K,Blue,23,3,2,3,4500.0,0,4500.0,0.626,2439,63,0.703,0.0
716104983,41,F,2,Graduate,Single,Less than $40K,Blue,32,6,3,2,2250.0,2117,133.0,1.162,1617,31,2.875,0.941
713261133,38,M,4,Graduate,Unknown,$60K - $80K,Blue,22,5,2,3,8632.0,0,8632.0,0.395,2221,40,0.7390000000000001,0.0
716333283,58,F,0,Unknown,Unknown,Less than $40K,Blue,52,1,2,2,1869.0,1255,614.0,0.847,5269,80,0.633,0.6709999999999999
720028683,49,F,2,High School,Married,$40K - $60K,Blue,39,5,3,4,2720.0,1926,794.0,0.602,3806,61,0.794,0.708
787482033,60,M,1,High School,Divorced,$80K - $120K,Blue,48,1,5,3,28930.0,0,28930.0,0.645,2251,27,0.22699999999999998,0.0
714484008,49,F,4,Uneducated,Married,Less than $40K,Blue,31,4,3,2,1567.0,0,1567.0,0.424,2138,41,0.5770000000000001,0.0
715233108,38,M,1,College,Married,$60K - $80K,Blue,36,4,1,2,2836.0,862,1974.0,0.772,4121,83,0.6940000000000001,0.304
711456108,46,F,4,Unknown,Married,$40K - $60K,Blue,39,5,3,3,1438.3,819,619.3,0.7859999999999999,2488,44,0.6920000000000001,0.569
709766808,49,F,2,Uneducated,Married,Unknown,Blue,36,4,3,2,5099.0,1178,3921.0,0.912,3819,82,0.8640000000000001,0.231
718590183,58,F,3,Doctorate,Married,Less than $40K,Blue,47,1,3,3,1517.0,920,597.0,0.825,5067,69,0.865,0.606
708085458,34,F,2,Uneducated,Single,Less than $40K,Blue,24,6,2,2,1438.3,0,1438.3,0.8270000000000001,3940,82,0.9520000000000001,0.0
757786608,33,M,2,Post-Graduate,Single,$80K - $120K,Blue,24,2,3,2,4178.0,2463,1715.0,0.815,16216,107,0.8140000000000001,0.59
717539808,51,F,2,High School,Single,Less than $40K,Blue,36,3,2,2,9930.0,0,9930.0,0.731,1276,21,1.3330000000000002,0.0
803148033,54,M,1,College,Married,$80K - $120K,Blue,48,6,1,5,12169.0,1935,10234.0,0.435,1599,38,0.652,0.159
715572783,51,M,3,Graduate,Married,$80K - $120K,Blue,31,6,1,2,7693.0,0,7693.0,0.579,4573,93,0.632,0.0
713713983,42,F,4,Graduate,Single,Less than $40K,Blue,33,4,2,2,2899.0,1952,947.0,0.667,4906,94,0.679,0.6729999999999999
714169083,48,M,4,Post-Graduate,Single,$120K +,Blue,38,5,2,0,34516.0,1639,32877.0,0.688,4959,74,0.805,0.047
780064983,44,M,1,Graduate,Married,$80K - $120K,Gold,29,2,1,3,34516.0,942,33574.0,0.75,7665,86,0.593,0.027000000000000003
711294258,43,F,1,Graduate,Single,Less than $40K,Blue,38,3,3,3,2642.0,2377,265.0,0.8290000000000001,4780,88,0.725,0.9
719186433,53,F,1,College,Single,Unknown,Blue,44,3,2,2,11012.0,1328,9684.0,0.617,3793,86,0.654,0.121
710232483,49,F,1,Uneducated,Married,Unknown,Blue,36,2,3,2,19846.0,2162,17684.0,0.602,16908,122,0.6940000000000001,0.109
710023233,36,M,3,Graduate,Single,$120K +,Blue,36,6,2,4,24457.0,1300,23157.0,0.914,2739,65,0.912,0.053
710806083,50,F,1,Uneducated,Unknown,Less than $40K,Silver,36,4,2,2,11888.0,2090,9798.0,0.7,1137,30,0.765,0.17600000000000002
708161133,45,M,1,Graduate,Single,$40K - $60K,Blue,32,5,1,2,6629.0,1389,5240.0,0.828,3891,69,0.643,0.21
828291858,38,M,3,College,Single,$60K - $80K,Blue,34,6,3,4,12050.0,1821,10229.0,0.63,2381,40,0.48100000000000004,0.151
817337958,48,F,5,Doctorate,Married,Less than $40K,Blue,33,2,1,3,5814.0,1176,4638.0,0.627,3796,74,1.056,0.20199999999999999
713981283,52,F,3,Graduate,Married,Less than $40K,Blue,46,6,5,3,2814.0,2162,652.0,0.588,4271,88,0.833,0.768
708595158,27,F,0,Graduate,Single,Less than $40K,Blue,36,6,1,2,1677.0,1598,79.0,0.9940000000000001,2389,43,0.536,0.953
713578608,58,M,0,Doctorate,Single,Less than $40K,Blue,46,6,4,3,1438.3,0,1438.3,0.8079999999999999,4082,82,0.8220000000000001,0.0
718243533,48,M,3,Post-Graduate,Divorced,$60K - $80K,Blue,36,3,3,4,2648.0,0,2648.0,0.715,3880,74,0.721,0.0
712988958,42,M,4,Graduate,Single,$60K - $80K,Blue,33,5,2,0,2021.0,1731,290.0,0.986,3253,62,0.722,0.857
711982383,62,M,1,Graduate,Single,$60K - $80K,Blue,49,3,3,2,21805.0,1777,20028.0,0.519,4694,79,0.41100000000000003,0.081
708577308,43,F,1,Unknown,Divorced,Less than $40K,Blue,36,4,2,3,2637.0,1272,1365.0,0.728,1569,39,1.053,0.48200000000000004
710570058,44,F,1,Graduate,Single,Less than $40K,Blue,25,3,2,4,3101.0,0,3101.0,0.66,2512,37,0.37,0.0
720903258,48,M,3,Unknown,Unknown,$60K - $80K,Blue,28,2,2,1,9405.0,0,9405.0,1.033,4801,47,0.382,0.0
713748708,46,F,3,Graduate,Single,Less than $40K,Blue,37,1,2,4,1438.3,0,1438.3,0.35,1757,44,0.467,0.0
709373883,37,F,5,Unknown,Married,$40K - $60K,Silver,36,1,1,2,19055.0,2517,16538.0,0.915,15091,124,0.6759999999999999,0.132
720557883,35,M,3,Uneducated,Single,Less than $40K,Blue,21,5,2,1,6104.0,1595,4509.0,0.619,15240,102,0.7290000000000001,0.261
824799108,46,F,3,High School,Married,$40K - $60K,Blue,42,2,2,1,10901.0,1874,9027.0,0.608,7498,90,0.5,0.172
823528833,50,F,1,Unknown,Single,Less than $40K,Blue,46,4,2,3,2081.0,1235,846.0,1.485,1337,29,1.071,0.593
716096358,45,F,3,Uneducated,Single,Less than $40K,Blue,39,5,4,1,2551.0,2253,298.0,0.688,3753,63,0.909,0.883
766673433,45,M,4,Unknown,Married,$80K - $120K,Blue,38,2,3,3,3798.0,1570,2228.0,0.9159999999999999,4512,80,0.778,0.413
712052058,57,M,3,Graduate,Single,$40K - $60K,Blue,48,3,3,0,9426.0,1574,7852.0,0.7909999999999999,4212,75,0.531,0.16699999999999998
717478983,31,F,2,Uneducated,Divorced,Less than $40K,Blue,19,6,2,0,2853.0,1961,892.0,0.866,2697,68,0.789,0.687
708780783,43,F,3,Graduate,Single,$40K - $60K,Blue,33,4,3,3,2434.0,1169,1265.0,0.6890000000000001,4739,76,0.81,0.48
814995933,58,F,3,Graduate,Married,Less than $40K,Blue,53,5,3,2,5798.0,1794,4004.0,0.564,1724,45,0.452,0.309
710175783,45,F,3,High School,Single,Unknown,Blue,25,4,2,1,1986.0,1042,944.0,0.593,4303,59,0.7879999999999999,0.525
717355533,56,M,3,Graduate,Single,$120K +,Blue,44,3,1,2,34516.0,1307,33209.0,0.5579999999999999,13759,120,0.765,0.038
711367308,37,M,3,Uneducated,Single,$40K - $60K,Blue,19,3,3,4,2186.0,1185,1001.0,0.998,2614,67,0.861,0.542
798110358,64,F,1,High School,Married,$40K - $60K,Blue,56,4,2,4,1438.3,0,1438.3,0.693,1417,35,0.591,0.0
789300408,41,M,4,High School,Married,Less than $40K,Blue,30,3,2,2,1614.0,700,914.0,0.8420000000000001,4293,87,0.812,0.434
712839633,38,M,2,Uneducated,Single,$80K - $120K,Blue,22,2,1,3,34516.0,1595,32921.0,0.8240000000000001,8871,97,0.764,0.046
712952283,50,M,3,Graduate,Married,$120K +,Blue,35,1,1,2,34516.0,1638,32878.0,0.7609999999999999,14474,121,0.833,0.047
721154208,60,F,1,Unknown,Married,Less than $40K,Blue,36,3,4,3,2882.0,2081,801.0,0.644,4933,103,0.6609999999999999,0.722
711328458,58,M,1,High School,Married,$80K - $120K,Blue,50,1,1,3,34516.0,1341,33175.0,0.812,13988,127,0.789,0.039
720991833,48,F,2,Doctorate,Married,Less than $40K,Blue,36,4,3,4,2514.0,2090,424.0,0.8420000000000001,2603,53,0.606,0.831
787584108,55,M,3,Unknown,Married,$80K - $120K,Blue,47,4,2,3,3436.0,2016,1420.0,0.9009999999999999,1097,33,0.833,0.5870000000000001
714945708,33,M,4,College,Single,$40K - $60K,Silver,20,2,1,3,15977.0,0,15977.0,0.7020000000000001,7745,64,0.684,0.0
711673983,44,M,4,Unknown,Single,$60K - $80K,Blue,36,3,1,2,18721.0,1568,17153.0,0.7879999999999999,4537,81,0.8,0.084
720971358,59,M,0,High School,Single,$80K - $120K,Blue,47,5,3,3,26812.0,1491,25321.0,0.679,14838,110,0.642,0.055999999999999994
710197308,39,F,2,Graduate,Married,Less than $40K,Blue,28,4,3,0,1438.3,0,1438.3,1.0170000000000001,4089,73,0.872,0.0
708669408,54,M,5,College,Single,$60K - $80K,Blue,45,6,1,3,20401.0,0,20401.0,0.723,4637,75,0.562,0.0
717548358,38,F,1,College,Married,Less than $40K,Blue,25,3,3,1,2580.0,2265,315.0,0.8240000000000001,1665,57,0.629,0.878
717384183,58,F,3,Graduate,Single,Less than $40K,Blue,53,1,3,1,2669.0,2048,621.0,0.725,4863,79,1.135,0.767
721083258,37,F,4,High School,Divorced,$40K - $60K,Blue,22,5,1,3,2563.0,1638,925.0,0.6809999999999999,2064,46,0.917,0.639
717114708,34,F,0,Graduate,Married,$40K - $60K,Blue,26,3,3,2,2991.0,1830,1161.0,0.777,4414,77,0.878,0.612
709224858,53,M,2,Post-Graduate,Married,$80K - $120K,Blue,36,5,1,2,3610.0,1629,1981.0,0.821,1652,40,0.48100000000000004,0.451
718972758,50,F,2,Graduate,Married,Less than $40K,Blue,40,5,3,3,2481.0,1287,1194.0,0.465,1825,51,0.821,0.519
709013208,40,M,2,Uneducated,Single,$80K - $120K,Blue,36,2,2,1,15594.0,1690,13904.0,0.69,16101,127,0.608,0.10800000000000001
719834208,42,M,2,Graduate,Married,$60K - $80K,Blue,35,6,1,2,2131.0,1288,843.0,0.797,4264,81,0.841,0.604
710863308,48,M,4,Post-Graduate,Married,$40K - $60K,Blue,29,6,1,2,2916.0,1074,1842.0,0.774,4020,84,0.68,0.368
716198358,33,F,4,Post-Graduate,Married,$40K - $60K,Blue,36,4,2,3,2372.0,1887,485.0,0.8,1852,55,0.618,0.7959999999999999
714828708,46,M,0,High School,Divorced,$80K - $120K,Blue,36,3,1,4,16099.0,0,16099.0,0.562,3656,88,0.76,0.0
821521983,51,F,3,High School,Single,Unknown,Blue,46,4,1,4,2286.0,1641,645.0,0.9470000000000001,4321,89,0.7120000000000001,0.718
708378108,39,F,1,Post-Graduate,Married,$40K - $60K,Blue,36,5,3,2,2147.0,771,1376.0,0.69,4631,76,0.767,0.359
715170183,45,M,2,Graduate,Married,$40K - $60K,Blue,36,2,1,3,3735.0,2113,1622.0,0.684,7059,82,0.5770000000000001,0.5660000000000001
719714658,61,M,0,Post-Graduate,Single,$60K - $80K,Blue,43,5,3,2,12218.0,0,12218.0,1.005,5272,62,0.59,0.0
771073908,62,M,0,Unknown,Married,$40K - $60K,Blue,48,4,1,2,1438.3,0,1438.3,0.425,1406,27,0.5,0.0
720494058,51,F,2,College,Married,Less than $40K,Blue,25,4,3,3,3042.0,0,3042.0,0.578,4781,79,0.7559999999999999,0.0
720426708,56,M,3,High School,Single,$60K - $80K,Blue,45,2,1,3,8512.0,0,8512.0,1.038,811,27,1.25,0.0
822902508,41,F,3,College,Single,$40K - $60K,Blue,37,3,3,3,8376.0,1219,7157.0,0.644,4015,77,0.75,0.146
711377808,47,M,3,Graduate,Unknown,$60K - $80K,Blue,36,4,3,2,21142.0,0,21142.0,0.812,4360,66,1.357,0.0
708434733,56,M,1,Graduate,Married,$60K - $80K,Blue,50,6,3,3,6735.0,2289,4446.0,0.6609999999999999,1249,28,0.75,0.34
720899058,35,M,2,Graduate,Married,$80K - $120K,Blue,21,6,2,1,7685.0,2517,5168.0,0.745,13604,116,0.731,0.32799999999999996
712840608,55,F,2,Uneducated,Married,Less than $40K,Blue,43,6,2,3,2736.0,993,1743.0,1.06,4078,85,0.977,0.363
708572658,49,M,5,Graduate,Married,$60K - $80K,Silver,38,1,1,2,29531.0,2088,27443.0,0.843,15039,120,0.69,0.071
708147108,26,M,0,Graduate,Divorced,Unknown,Blue,36,6,1,3,21084.0,2517,18567.0,0.763,2309,71,0.5429999999999999,0.11900000000000001
712490283,55,F,4,Graduate,Married,$40K - $60K,Blue,41,4,3,3,3156.0,2517,639.0,1.516,2091,48,0.778,0.7979999999999999
712405908,50,M,2,High School,Unknown,$120K +,Blue,40,1,2,3,24670.0,1623,23047.0,0.7909999999999999,7772,76,0.652,0.066
772695033,47,M,5,High School,Single,$80K - $120K,Blue,37,3,4,4,18800.0,2517,16283.0,0.48200000000000004,1575,23,0.21100000000000002,0.134
771584658,46,F,4,Unknown,Single,Unknown,Silver,34,1,2,3,33874.0,1473,32401.0,0.8029999999999999,13753,98,0.8490000000000001,0.043
713000058,51,F,3,Graduate,Married,$40K - $60K,Silver,44,4,2,3,16406.0,0,16406.0,0.627,4075,75,0.63,0.0
716223708,45,F,3,Uneducated,Single,Unknown,Blue,36,3,3,3,4028.0,710,3318.0,0.731,791,22,0.833,0.17600000000000002
709300458,48,M,1,Graduate,Unknown,Less than $40K,Blue,43,5,3,3,7199.0,1031,6168.0,1.212,4041,73,0.698,0.14300000000000002
713036208,46,M,1,Graduate,Married,$40K - $60K,Blue,27,2,2,2,6903.0,2091,4812.0,0.919,15751,107,0.9109999999999999,0.303
778971408,36,M,4,Doctorate,Married,$60K - $80K,Blue,17,5,2,4,2803.0,1848,955.0,0.614,1968,64,0.524,0.659
816850458,33,M,2,Unknown,Married,$60K - $80K,Blue,28,6,2,4,1698.0,0,1698.0,0.823,2448,40,0.379,0.0
794124708,47,M,2,Graduate,Unknown,$80K - $120K,Blue,41,2,2,2,21325.0,2197,19128.0,0.647,7053,69,0.865,0.10300000000000001
717028158,53,M,3,Graduate,Married,$120K +,Blue,44,3,2,3,12163.0,2082,10081.0,1.554,2649,56,0.6970000000000001,0.171
708334158,46,F,3,Graduate,Divorced,Less than $40K,Blue,34,4,2,4,9863.0,686,9177.0,0.581,3068,58,0.9329999999999999,0.07
771561183,42,F,4,Graduate,Single,$40K - $60K,Blue,30,6,3,3,13753.0,2517,11236.0,0.652,7464,66,0.6920000000000001,0.183
771899433,48,M,3,Graduate,Married,$80K - $120K,Blue,37,5,2,4,7970.0,2434,5536.0,0.406,1263,27,0.35,0.305
826723308,58,M,3,College,Married,$120K +,Blue,54,5,1,4,3452.0,2088,1364.0,0.768,1008,21,0.4,0.605
718026858,52,F,2,College,Single,Less than $40K,Blue,36,3,2,2,2370.0,1490,880.0,0.63,4751,80,0.86,0.629
802666083,48,F,2,Uneducated,Unknown,Less than $40K,Blue,42,3,2,2,2055.0,0,2055.0,1.064,3656,63,0.75,0.0
823928058,52,F,2,Uneducated,Married,Less than $40K,Blue,48,3,2,4,5299.0,578,4721.0,0.9309999999999999,4509,79,0.7170000000000001,0.109
790082508,42,M,4,High School,Single,$120K +,Blue,35,5,2,2,34516.0,1658,32858.0,1.095,2935,65,0.711,0.048
720425508,43,M,5,Graduate,Single,$80K - $120K,Blue,36,1,1,3,7196.0,696,6500.0,0.8390000000000001,8689,93,0.898,0.09699999999999999
708997833,49,F,4,Doctorate,Single,$40K - $60K,Blue,39,5,3,1,3255.0,603,2652.0,0.617,4045,62,0.8240000000000001,0.185
709730508,39,F,0,High School,Single,Unknown,Blue,27,6,3,3,17531.0,0,17531.0,0.8,4563,61,0.743,0.0
716909283,60,M,1,Post-Graduate,Single,$80K - $120K,Blue,48,3,1,3,30655.0,0,30655.0,0.475,3280,78,0.625,0.0
715615233,60,F,1,High School,Divorced,Less than $40K,Blue,48,5,3,3,2737.0,1812,925.0,0.703,4507,86,0.955,0.662
779978283,45,F,3,High School,Married,Unknown,Blue,34,4,2,1,5056.0,0,5056.0,0.905,4428,78,0.696,0.0
709608708,29,M,1,Graduate,Married,$60K - $80K,Blue,17,5,1,4,6500.0,2517,3983.0,0.915,9451,79,0.6459999999999999,0.387
712014708,48,M,4,Graduate,Married,Less than $40K,Blue,36,4,1,2,2912.0,1501,1411.0,0.825,4518,90,0.875,0.515
715310208,53,M,3,Uneducated,Married,$80K - $120K,Blue,36,3,3,1,11450.0,2129,9321.0,0.956,2197,45,0.9570000000000001,0.18600000000000003
718317258,54,F,3,Uneducated,Single,Less than $40K,Blue,47,3,3,3,7477.0,1960,5517.0,1.008,3618,76,0.583,0.262
771488583,46,F,1,Graduate,Single,$40K - $60K,Blue,34,4,2,2,3569.0,0,3569.0,0.706,4186,72,0.636,0.0
827476983,56,F,2,College,Single,Less than $40K,Blue,52,3,5,1,3639.0,2178,1461.0,0.451,1865,42,0.5,0.599
827074758,42,F,3,Uneducated,Single,Less than $40K,Blue,38,4,1,4,1538.0,868,670.0,0.828,5228,61,0.6940000000000001,0.564
715389708,36,F,3,Graduate,Married,Less than $40K,Blue,28,4,3,2,4824.0,2517,2307.0,0.838,1516,32,0.391,0.522
709713033,55,M,1,College,Single,$80K - $120K,Blue,48,3,3,3,6846.0,0,6846.0,0.62,1735,35,0.522,0.0
721440633,55,F,1,High School,Single,Less than $40K,Blue,36,5,2,3,7982.0,897,7085.0,0.778,4387,71,0.511,0.11199999999999999
719818983,39,M,1,College,Divorced,$80K - $120K,Blue,28,1,3,4,12464.0,0,12464.0,0.8640000000000001,1195,35,0.522,0.0
719326758,52,F,0,Doctorate,Married,Less than $40K,Blue,36,4,3,2,4353.0,1489,2864.0,0.945,9226,85,1.073,0.342
794665608,48,F,3,Graduate,Single,$40K - $60K,Blue,33,4,2,3,5724.0,582,5142.0,0.8170000000000001,4510,59,0.903,0.102
716863458,44,M,2,Uneducated,Single,$80K - $120K,Silver,36,2,3,3,34516.0,569,33947.0,0.919,8570,68,0.789,0.016
819189108,63,M,0,College,Single,$80K - $120K,Blue,56,6,2,2,9033.0,0,9033.0,0.78,4456,85,0.635,0.0
712979133,55,M,4,High School,Married,$80K - $120K,Blue,41,2,2,2,27560.0,900,26660.0,1.031,646,10,0.25,0.033
718594608,43,F,2,Post-Graduate,Married,Unknown,Blue,36,3,3,3,20156.0,1759,18397.0,0.47600000000000003,1362,28,0.556,0.087
715588908,42,F,4,Graduate,Single,Less than $40K,Blue,32,3,2,3,6158.0,0,6158.0,1.411,3132,66,0.784,0.0
817958733,42,F,2,Uneducated,Married,Unknown,Blue,37,6,1,1,5099.0,958,4141.0,0.607,4025,73,0.521,0.188
710853033,36,F,1,Doctorate,Unknown,Less than $40K,Blue,36,3,2,2,4943.0,1204,3739.0,0.41700000000000004,4024,82,0.7829999999999999,0.244
720852108,46,M,4,High School,Divorced,$120K +,Blue,31,2,3,1,3569.0,1553,2016.0,0.7979999999999999,16695,116,0.6809999999999999,0.435
788915283,43,F,2,College,Single,Less than $40K,Blue,29,5,1,2,2304.0,1589,715.0,0.872,1273,36,0.895,0.69
717045033,45,F,3,Unknown,Married,Unknown,Blue,36,6,1,3,8459.0,757,7702.0,0.648,4677,87,0.6729999999999999,0.08900000000000001
708222558,37,F,2,Post-Graduate,Married,Less than $40K,Blue,36,6,2,3,2310.0,1513,797.0,0.682,4191,77,0.833,0.655
710090958,51,M,3,College,Married,$80K - $120K,Blue,40,6,3,3,1844.0,1232,612.0,0.588,4182,71,0.6509999999999999,0.6679999999999999
712981383,44,F,4,College,Married,Less than $40K,Silver,37,3,2,2,10790.0,1930,8860.0,0.75,1052,16,1.286,0.179
771106458,54,F,4,College,Married,Less than $40K,Blue,41,1,5,2,2444.0,1313,1131.0,0.6890000000000001,4609,61,0.794,0.537
715357308,44,M,2,Graduate,Married,$60K - $80K,Blue,36,3,1,2,4141.0,1424,2717.0,0.574,3512,65,0.47700000000000004,0.344
708532308,37,M,2,Uneducated,Single,$60K - $80K,Blue,36,4,2,2,11419.0,2517,8902.0,1.2109999999999999,3000,70,1.0590000000000002,0.22
714159858,57,M,0,Graduate,Married,$40K - $60K,Blue,48,4,2,2,5387.0,2047,3340.0,0.579,1546,36,0.5,0.38
711844758,48,M,3,Graduate,Single,$80K - $120K,Blue,35,6,1,0,13551.0,1294,12257.0,0.7909999999999999,1388,37,1.056,0.095
710349258,45,F,3,High School,Single,Less than $40K,Blue,36,3,2,2,2589.0,2052,537.0,0.636,4133,68,0.789,0.7929999999999999
820268358,48,F,4,Post-Graduate,Unknown,Less than $40K,Blue,43,4,1,3,2357.0,1462,895.0,0.7340000000000001,4534,75,1.0270000000000001,0.62
708759408,48,F,3,Uneducated,Single,$40K - $60K,Blue,39,6,3,2,4207.0,0,4207.0,0.9229999999999999,15124,108,0.7140000000000001,0.0
715077483,47,F,3,Doctorate,Married,Less than $40K,Blue,36,4,3,4,1438.3,772,666.3,1.4509999999999998,2250,40,0.905,0.537
772637058,34,M,3,Uneducated,Married,$60K - $80K,Blue,24,3,1,4,8167.0,1740,6427.0,1.455,2141,51,0.7,0.213
716329383,46,F,3,Graduate,Single,Less than $40K,Blue,36,4,2,3,3138.0,986,2152.0,1.002,4724,56,0.8059999999999999,0.314
720719883,54,F,1,Graduate,Single,Unknown,Blue,41,3,3,3,1874.0,0,1874.0,0.8059999999999999,2535,55,0.618,0.0
714684933,40,F,1,Uneducated,Married,Less than $40K,Blue,28,5,2,3,3680.0,0,3680.0,0.7290000000000001,2725,41,0.5770000000000001,0.0
789749433,33,F,1,Graduate,Married,Less than $40K,Blue,21,5,3,2,2591.0,2340,251.0,0.608,4730,82,0.708,0.903
712613808,45,F,5,College,Single,Unknown,Blue,32,3,3,3,5999.0,658,5341.0,0.638,4283,69,0.605,0.11
788911458,40,F,4,College,Married,Less than $40K,Blue,26,3,1,1,2972.0,0,2972.0,0.593,3840,69,0.769,0.0
712852233,64,F,0,Graduate,Single,Less than $40K,Blue,53,5,3,4,6663.0,765,5898.0,1.129,4583,78,0.857,0.115
710620383,43,M,4,Unknown,Married,$60K - $80K,Blue,35,6,3,2,24396.0,1171,23225.0,0.655,965,17,1.125,0.048
717008358,40,F,1,Unknown,Married,Less than $40K,Blue,36,1,2,2,6540.0,0,6540.0,0.723,7919,88,0.6,0.0
713229633,45,F,0,Unknown,Married,$40K - $60K,Blue,30,3,2,4,2759.0,0,2759.0,0.535,2061,47,0.424,0.0
789097833,39,F,0,High School,Single,Less than $40K,Blue,27,4,3,3,3927.0,720,3207.0,0.63,4230,93,0.898,0.183
716931183,45,M,5,Uneducated,Single,$80K - $120K,Blue,38,3,4,4,7560.0,788,6772.0,1.193,4296,68,0.7,0.10400000000000001
716893683,55,F,3,Uneducated,Single,Unknown,Blue,47,4,3,3,14657.0,2517,12140.0,0.166,6009,53,0.514,0.172
764316708,30,F,1,High School,Single,Less than $40K,Blue,23,3,2,2,3955.0,2352,1603.0,0.779,16423,109,0.758,0.595
716362008,37,M,2,Doctorate,Married,$40K - $60K,Blue,29,3,3,2,1808.0,1009,799.0,0.7959999999999999,1744,35,0.9440000000000001,0.5579999999999999
779926608,50,F,2,High School,Married,Less than $40K,Blue,36,6,2,1,1438.3,0,1438.3,0.909,4697,82,0.907,0.0
774437583,55,M,1,Doctorate,Married,$60K - $80K,Blue,49,6,2,4,4597.0,2442,2155.0,0.512,1504,38,0.35700000000000004,0.531
716272158,41,F,3,College,Married,$40K - $60K,Blue,15,5,3,4,4312.0,2517,1795.0,0.741,2693,56,0.436,0.584
716381808,43,M,2,Unknown,Single,$40K - $60K,Blue,36,4,4,1,8406.0,0,8406.0,0.743,3820,75,0.63,0.0
714012258,44,F,2,College,Single,Less than $40K,Blue,34,3,2,1,2429.0,1687,742.0,0.7659999999999999,4122,74,0.85,0.695
708654933,51,F,2,Doctorate,Married,Less than $40K,Platinum,42,3,2,3,15987.0,193,15794.0,0.435,2021,46,0.39399999999999996,0.012
748827033,44,M,3,Graduate,Divorced,$60K - $80K,Blue,37,5,2,3,3290.0,0,3290.0,0.841,4780,84,0.615,0.0
720299283,46,M,3,Uneducated,Married,$60K - $80K,Blue,33,2,2,1,12745.0,0,12745.0,0.5379999999999999,4380,80,0.7390000000000001,0.0
712608783,50,M,2,High School,Married,$80K - $120K,Silver,45,3,1,3,34516.0,1260,33256.0,0.588,1504,34,0.789,0.037000000000000005
719323683,47,F,3,Uneducated,Single,$40K - $60K,Blue,35,6,5,2,4543.0,1028,3515.0,0.799,4093,77,0.5710000000000001,0.226
738062658,57,M,3,Graduate,Single,$80K - $120K,Blue,50,2,3,3,17096.0,1762,15334.0,0.409,4231,62,0.55,0.10300000000000001
712615008,46,M,2,Graduate,Unknown,$120K +,Blue,34,1,3,2,24431.0,892,23539.0,0.41700000000000004,3457,66,0.5710000000000001,0.037000000000000005
803216433,43,F,5,Graduate,Married,Less than $40K,Silver,33,6,3,2,14806.0,2517,12289.0,0.5579999999999999,4804,57,0.462,0.17
821889858,50,F,1,Doctorate,Single,Unknown,Blue,46,6,4,3,1970.0,1477,493.0,0.662,2493,44,0.5710000000000001,0.75
814833408,56,M,2,Doctorate,Married,$60K - $80K,Blue,51,3,3,4,6036.0,1409,4627.0,0.56,1741,45,0.364,0.233
772782708,50,M,3,Post-Graduate,Single,$80K - $120K,Blue,40,5,2,2,31383.0,1688,29695.0,0.765,1721,56,0.75,0.054000000000000006
708860358,38,M,3,High School,Married,$80K - $120K,Blue,22,4,2,3,6361.0,694,5667.0,0.8440000000000001,1499,31,0.938,0.109
779032308,46,M,3,High School,Married,$80K - $120K,Blue,27,4,2,3,4964.0,2316,2648.0,0.7929999999999999,3279,66,0.941,0.467
713206683,40,M,4,Graduate,Single,$80K - $120K,Silver,22,3,1,3,34516.0,0,34516.0,0.64,1028,26,0.3,0.0
708679383,44,F,2,Unknown,Unknown,Less than $40K,Blue,32,5,1,3,4852.0,1777,3075.0,0.667,1775,55,1.037,0.366
718082208,37,F,1,Graduate,Married,$40K - $60K,Blue,30,5,3,4,6469.0,2351,4118.0,1.018,1717,50,0.667,0.363
715596783,29,F,1,Uneducated,Married,Less than $40K,Blue,18,3,3,3,1895.0,1146,749.0,0.685,4333,72,0.7140000000000001,0.605
771976683,54,F,1,College,Married,Unknown,Blue,43,3,3,2,5839.0,2130,3709.0,0.687,1640,44,0.33299999999999996,0.365
718191483,45,M,3,Graduate,Divorced,$60K - $80K,Blue,35,6,3,2,5065.0,1362,3703.0,0.68,3555,75,0.47100000000000003,0.26899999999999996
713375658,37,M,2,Graduate,Divorced,$40K - $60K,Blue,17,6,3,3,3176.0,0,3176.0,0.652,2298,67,0.457,0.0
710248233,37,M,3,College,Single,$40K - $60K,Blue,28,5,2,3,3490.0,1421,2069.0,1.125,3392,80,0.86,0.40700000000000003
718555308,59,M,1,Unknown,Single,$40K - $60K,Blue,51,3,4,3,3808.0,713,3095.0,0.787,4845,88,0.63,0.187
710155983,52,M,1,Unknown,Single,$40K - $60K,Blue,36,3,3,4,4826.0,0,4826.0,0.9540000000000001,8585,62,1.0,0.0
719731458,56,M,3,Unknown,Unknown,$40K - $60K,Blue,46,6,3,4,2910.0,709,2201.0,0.5379999999999999,1192,27,0.588,0.244
789338583,42,M,2,Doctorate,Married,$80K - $120K,Blue,32,4,2,2,26222.0,1073,25149.0,1.288,1988,30,0.579,0.040999999999999995
716682258,52,M,1,High School,Divorced,$120K +,Blue,36,4,3,5,31945.0,1591,30354.0,0.711,3650,62,0.6759999999999999,0.05
715395933,44,F,3,College,Unknown,Unknown,Blue,35,5,2,2,11238.0,2336,8902.0,0.9109999999999999,5302,70,0.892,0.20800000000000002
714377058,63,F,1,Unknown,Single,Less than $40K,Blue,36,3,3,4,1896.0,0,1896.0,0.747,2186,50,0.562,0.0
714305508,46,F,3,Uneducated,Married,$40K - $60K,Blue,36,6,3,2,13387.0,0,13387.0,0.746,3706,81,0.62,0.0
737925558,64,M,0,Doctorate,Married,$40K - $60K,Blue,56,3,2,2,4234.0,1893,2341.0,0.585,1439,42,0.355,0.447
717078933,40,F,5,Graduate,Single,Less than $40K,Blue,29,3,2,4,4205.0,2517,1688.0,0.652,4256,69,0.725,0.599
708511983,37,M,3,Graduate,Married,$80K - $120K,Blue,18,5,3,2,1663.0,0,1663.0,0.778,3950,82,0.8640000000000001,0.0
816594183,58,F,2,Uneducated,Married,$40K - $60K,Blue,53,6,2,3,2019.0,1380,639.0,1.158,2005,62,0.59,0.684
709045683,42,F,3,Uneducated,Married,Unknown,Blue,30,3,2,1,3549.0,0,3549.0,0.584,3921,63,0.8,0.0
822984108,34,F,4,High School,Single,Less than $40K,Blue,30,4,1,3,3046.0,2279,767.0,0.611,2330,69,0.643,0.748
721335558,57,F,2,Graduate,Single,Less than $40K,Blue,36,1,2,3,6482.0,1686,4796.0,0.753,7544,101,0.629,0.26
789483333,41,M,2,Uneducated,Married,$40K - $60K,Blue,32,5,1,3,5214.0,795,4419.0,0.7070000000000001,1258,23,1.3,0.152
807604233,54,M,3,Graduate,Married,$80K - $120K,Blue,49,2,3,3,11114.0,2482,8632.0,1.08,5044,81,0.688,0.223
709827933,44,M,2,Graduate,Married,$80K - $120K,Blue,36,3,3,2,12230.0,1196,11034.0,0.62,3659,76,0.52,0.098
781337658,50,F,1,Graduate,Married,Less than $40K,Blue,44,3,1,2,2602.0,1612,990.0,0.9059999999999999,5532,85,0.735,0.62
719860308,42,F,2,Graduate,Married,Less than $40K,Blue,36,2,3,3,1438.3,0,1438.3,0.6629999999999999,2418,48,0.778,0.0
714722808,50,M,1,College,Married,$80K - $120K,Blue,33,5,3,2,17158.0,1211,15947.0,0.778,4153,91,0.685,0.071
794965233,51,F,1,Graduate,Married,Less than $40K,Silver,45,6,3,3,13199.0,781,12418.0,0.41100000000000003,1927,44,0.63,0.059000000000000004
716506083,44,F,1,High School,Married,Less than $40K,Blue,36,5,3,4,5409.0,0,5409.0,0.8190000000000001,10291,60,0.818,0.0
779655183,48,M,4,College,Single,$80K - $120K,Blue,31,6,1,3,5033.0,0,5033.0,0.597,4054,82,0.8220000000000001,0.0
714880533,40,M,5,Graduate,Single,$40K - $60K,Blue,36,2,2,3,2849.0,1741,1108.0,0.7909999999999999,8669,99,0.768,0.611
823833483,41,M,3,Graduate,Single,$40K - $60K,Blue,37,3,3,2,7839.0,1544,6295.0,0.715,7904,83,0.804,0.19699999999999998
720338658,56,F,3,Post-Graduate,Single,Less than $40K,Blue,42,3,2,2,2490.0,1623,867.0,0.79,2998,60,0.622,0.652
789079758,44,M,4,Doctorate,Unknown,$120K +,Blue,32,3,2,3,34516.0,1356,33160.0,1.169,1531,48,0.655,0.039
712804383,56,F,0,College,Married,Less than $40K,Blue,38,1,1,2,2143.0,1194,949.0,0.49,4684,82,0.907,0.557
714615258,32,M,1,High School,Single,$40K - $60K,Blue,36,6,3,2,4819.0,2134,2685.0,0.8340000000000001,9330,64,0.882,0.44299999999999995
714536208,50,F,3,Uneducated,Married,Less than $40K,Blue,36,1,2,3,2473.0,1675,798.0,0.648,4203,73,0.872,0.677
794675058,36,M,3,Graduate,Married,$80K - $120K,Blue,21,5,3,2,5015.0,1963,3052.0,0.8809999999999999,2491,43,0.87,0.391
798783858,48,F,3,Unknown,Unknown,$40K - $60K,Blue,42,2,1,1,9742.0,2517,7225.0,0.6920000000000001,13082,92,0.804,0.258
708360108,50,M,1,College,Single,$40K - $60K,Blue,41,3,1,1,2800.0,1338,1462.0,0.818,4869,90,0.8,0.478
720593583,39,F,2,Doctorate,Divorced,Less than $40K,Blue,32,1,2,2,3554.0,747,2807.0,0.621,5152,90,0.765,0.21
827968383,43,F,3,High School,Unknown,Less than $40K,Blue,39,5,3,2,3370.0,2284,1086.0,0.6729999999999999,4084,70,0.628,0.6779999999999999
711992133,53,F,1,Uneducated,Married,Less than $40K,Blue,41,4,2,2,2596.0,868,1728.0,0.743,4801,72,0.7140000000000001,0.33399999999999996
708494583,49,F,3,Uneducated,Divorced,Less than $40K,Blue,36,4,1,3,1902.0,0,1902.0,0.693,3731,53,0.893,0.0
718509858,46,M,3,Graduate,Married,$80K - $120K,Blue,37,3,1,4,4786.0,0,4786.0,0.789,4347,69,0.6829999999999999,0.0
710671608,39,F,2,Graduate,Divorced,Less than $40K,Blue,31,5,3,4,6798.0,918,5880.0,0.6709999999999999,3961,69,0.605,0.135
711147483,46,F,3,Graduate,Single,Less than $40K,Blue,28,2,2,3,8551.0,1067,7484.0,0.9309999999999999,1097,32,0.778,0.125
711375558,48,F,2,Uneducated,Single,$40K - $60K,Blue,34,2,3,1,3072.0,1734,1338.0,0.754,4540,78,0.857,0.564
714951858,44,F,2,Graduate,Married,Less than $40K,Blue,36,5,1,3,4473.0,0,4473.0,0.5429999999999999,4047,56,0.75,0.0
716246733,57,F,2,College,Single,Less than $40K,Blue,49,4,2,2,1857.0,1528,329.0,0.698,4681,71,0.868,0.823
714436383,44,M,4,Graduate,Unknown,$80K - $120K,Blue,34,4,3,2,26856.0,0,26856.0,0.581,4222,75,0.47100000000000003,0.0
